row_id,case_id,id_material,subcadena,factor_descuento,duracion_dias,volumen_base_sem,elasticidad_estimada,flag_secundario,fecha_referencia,grid_type,duracion_semanas,volumen_base_tanda,elasticidad_abs,descuento_x_elasticidad,descuento_x_duracion,factor_descuento_sq,duracion_dias_sq,log1p_volumen_base_sem,log1p_volumen_base_tanda,mes,trimestre,semana_anio,mes_sin,mes_cos,semana_anio_sin,semana_anio_cos,nivel_soporte,local_support_count,distancia_descuento_mas_cercano,flag_duracion_observada,flag_descuento_en_rango_local,flag_extrapolacion,uplift_esperado,roi_esperado,volumen_incremental_esperado,volumen_promo_esperado,uplift_lower_90,uplift_upper_90,roi_lower_90,roi_upper_90,volumen_incremental_lower_90,volumen_incremental_upper_90,volumen_promo_lower_90,volumen_promo_upper_90,penalizacion_soporte_uplift,penalizacion_soporte_roi,uplift_robusto,roi_robusto,flag_uplift_invalido,flag_demanda_invalida,flag_optimo_en_limite_descuento,flag_optimo_en_limite_duracion,uplift_challenger,roi_challenger,desacuerdo_uplift_abs,desacuerdo_roi_abs,flag_model_disagreement,flag_guardrails_robustos
11,caso_a_soporte_alto,PD008,Cadena01,0.07,5,2849.45,-2.0084999999999997,no,2025-12-29,principal_soportada,0.7142857142857143,2035.3214285714287,2.0084999999999997,0.140595,0.35000000000000003,0.004900000000000001,25,7.955232155535477,7.618900237789136,12,4,1,-2.4492935982947064e-16,1.0,0.12053668025532305,0.992708874098054,soporte_alto,1,0.0020000000000000018,True,True,False,0.2187888953245927,4.084792035577465,445.3057269876148,2480.6271555590433,-0.07671020709322088,0.5142879977424063,4.052435163456764,4.117148907698166,-156.12992828698447,1046.741382262214,1879.1915002844444,3082.0628108336427,0.0,0.0,-0.07671020709322088,4.052435163456764,False,False,False,True,0.23341037513426025,4.305542835575133,0.014621479809667548,0.2207507999976679,True,False
9,caso_a_soporte_alto,PD008,Cadena01,0.06,14,2849.45,-2.0084999999999997,no,2025-12-29,principal_soportada,2.0,5698.9,2.0084999999999997,0.12050999999999998,0.84,0.0036,196,7.955232155535477,8.648203909809096,12,4,1,-2.4492935982947064e-16,1.0,0.12053668025532305,0.992708874098054,soporte_alto,0,0.008000000000000007,True,False,True,0.19589181904927305,4.08475778486807,1116.3678875799021,6815.267887579902,-0.09960728336854052,0.4913909214670866,4.052400912747369,4.117114656988771,-567.6519471889756,2800.38772234878,5131.2480528110245,8499.28772234878,0.0,0.0,-0.09960728336854052,4.052400912747369,False,False,False,False,0.2078436859079655,4.303010864853651,0.011951866858692456,0.21825307998558152,True,False
14,caso_a_soporte_alto,PD008,Cadena01,0.07,14,2849.45,-2.0084999999999997,no,2025-12-29,principal_soportada,2.0,5698.9,2.0084999999999997,0.140595,0.9800000000000001,0.004900000000000001,196,7.955232155535477,8.648203909809096,12,4,1,-2.4492935982947064e-16,1.0,0.12053668025532305,0.992708874098054,soporte_alto,0,0.0020000000000000018,True,True,False,0.21384454734906053,4.084602977789645,1218.678690887561,6917.57869088756,-0.08165455506875305,0.5093436497668741,4.052246105668944,4.116959849910346,-465.3411438813167,2902.6985256564385,5233.558856118682,8601.598525656438,0.0,0.0,-0.08165455506875305,4.052246105668944,False,False,False,False,0.2262783290353841,4.3027620612582895,0.012433781686323586,0.21815908346864443,True,False
5,caso_a_soporte_alto,PD008,Cadena01,0.05,21,2849.45,-2.0084999999999997,no,2025-12-29,principal_soportada,3.0,8548.35,2.0084999999999997,0.10042499999999999,1.05,0.0025000000000000005,441,7.955232155535477,9.053610535649069,12,4,1,-2.4492935982947064e-16,1.0,0.12053668025532305,0.992708874098054,soporte_alto,0,0.018000000000000002,True,False,True,0.17494860295067144,4.084534324555017,1495.5218900333723,10043.871890033373,-0.12055049946714214,0.470447705368485,4.052177452434316,4.116891196675718,-1030.5078621199445,4021.551642186689,7517.842137880056,12569.901642186689,0.0,0.0,-0.12055049946714214,4.052177452434316,False,False,True,True,0.189701147514734,4.303777834457838,0.014752544564062553,0.21924350990282093,True,False
15,caso_a_soporte_alto,PD008,Cadena01,0.07,21,2849.45,-2.0084999999999997,no,2025-12-29,principal_soportada,3.0,8548.35,2.0084999999999997,0.140595,1.4700000000000002,0.004900000000000001,441,7.955232155535477,9.053610535649069,12,4,1,-2.4492935982947064e-16,1.0,0.12053668025532305,0.992708874098054,soporte_alto,0,0.0020000000000000018,True,True,False,0.21217863025190992,4.084390550077669,1813.7771939139143,10362.127193913915,-0.08332047216590366,0.5076777326697235,4.052033677956968,4.11674742219837,-712.2525582394026,4339.806946067231,7836.097441760598,12888.15694606723,0.0,0.0,-0.08332047216590366,4.052033677956968,False,False,False,True,0.22751046287816595,4.304138904084343,0.015331832626256037,0.2197483540066747,True,False
20,caso_a_soporte_alto,PD008,Cadena01,0.08,21,2849.45,-2.0084999999999997,no,2025-12-29,principal_soportada,3.0,8548.35,2.0084999999999997,0.16068,1.68,0.0064,441,7.955232155535477,9.053610535649069,12,4,1,-2.4492935982947064e-16,1.0,0.12053668025532305,0.992708874098054,soporte_alto,0,0.011999999999999997,True,True,False,0.2310650592421766,4.083450379794707,1975.2249991728604,10523.57499917286,-0.06443404317563697,0.5265641616599902,4.051093507674006,4.115807251915408,-550.8047529804563,4501.254751326177,7997.545247019544,13049.604751326178,0.0,0.0,-0.06443404317563697,4.051093507674006,False,False,False,True,0.24674422670304022,3.68399348694174,0.01567916746086362,0.3994568928529669,True,False
25,caso_a_soporte_alto,PD008,Cadena01,0.09,21,2849.45,-2.0084999999999997,no,2025-12-29,principal_soportada,3.0,8548.35,2.0084999999999997,0.18076499999999998,1.89,0.0081,441,7.955232155535477,9.053610535649069,12,4,1,-2.4492935982947064e-16,1.0,0.12053668025532305,0.992708874098054,soporte_alto,0,0.01100000000000001,True,True,False,0.25013243179220823,2.9780745721475435,2138.2195733109234,10686.569573310924,-0.04536667062560534,0.5456315342100218,2.945717700026842,3.010431444268245,-387.81017884239344,4664.2493254642395,8160.539821157608,13212.59932546424,0.0,0.0,-0.04536667062560534,2.945717700026842,False,False,False,True,0.2661987014815658,2.979373932710734,0.016066269689357593,0.0012993605631903549,False,False
30,caso_a_soporte_alto,PD008,Cadena01,0.1,21,2849.45,-2.0084999999999997,no,2025-12-29,principal_soportada,3.0,8548.35,2.0084999999999997,0.20084999999999997,2.1,0.010000000000000002,441,7.955232155535477,9.053610535649069,12,4,1,-2.4492935982947064e-16,1.0,0.12053668025532305,0.992708874098054,soporte_alto,0,0.0010000000000000009,True,True,False,0.2693807479020048,2.5189160748667963,2302.7609163281027,10851.110916328102,-0.026118354515808795,0.5648798503198184,2.4865592027460948,2.5512729469874977,-223.26883582521413,4828.79066848142,8325.081164174786,13377.140668481421,0.0,0.0,-0.026118354515808795,2.4865592027460948,False,False,False,True,0.28587483341864317,2.5377519879538855,0.01649408551663839,0.018835913087089207,False,False
35,caso_a_soporte_alto,PD008,Cadena01,0.11,21,2849.45,-2.0084999999999997,no,2025-12-29,principal_soportada,3.0,8548.35,2.0084999999999997,0.22093499999999996,2.31,0.0121,441,7.955232155535477,9.053610535649069,12,4,1,-2.4492935982947064e-16,1.0,0.12053668025532305,0.992708874098054,soporte_alto,0,0.0030000000000000027,True,True,False,0.2888100075715663,2.1043279123236767,2468.849028224399,11017.199028224399,-0.006689094846247301,0.5843091099893798,2.071971040202975,2.136684784444378,-57.18072392891812,4994.878780377715,8491.169276071083,13543.228780377714,0.0,0.0,-0.006689094846247301,2.071971040202975,False,False,False,True,0.3057735407660528,2.1104912614847953,0.016963533194486513,0.006163349161118603,False,False
40,caso_a_soporte_alto,PD008,Cadena01,0.12,21,2849.45,-2.0084999999999997,no,2025-12-29,principal_soportada,3.0,8548.35,2.0084999999999997,0.24101999999999996,2.52,0.0144,441,7.955232155535477,9.053610535649069,12,4,1,-2.4492935982947064e-16,1.0,0.12053668025532305,0.992708874098054,soporte_alto,0,0.0020000000000000018,True,True,False,0.30842021080089277,1.7732504931100033,2636.483908999812,11184.833908999812,0.012921108383079194,0.6039193132187064,1.740893620989302,1.8056073652307045,110.45415684649504,5162.513661153129,8658.804156846494,13710.86366115313,0.0,0.0,0.012921108383079194,1.740893620989302,False,False,False,True,0.3258957131523075,1.750487362060876,0.017475502351414707,0.022763131049127194,False,False
45,caso_a_soporte_alto,PD008,Cadena01,0.13,21,2849.45,-2.0084999999999997,no,2025-12-29,principal_soportada,3.0,8548.35,2.0084999999999997,0.261105,2.73,0.016900000000000002,441,7.955232155535477,9.053610535649069,12,4,1,-2.4492935982947064e-16,1.0,0.12053668025532305,0.992708874098054,soporte_alto,0,0.0030000000000000027,True,True,False,0.32821135758998415,1.4620102685724579,2805.665558654341,11354.01555865434,0.03271225517217058,0.6237104600077977,1.4296533964517566,1.4943671406931591,279.6358065010244,5331.695310807658,8827.985806501025,13880.045310807658,0.0,0.0,0.03271225517217058,1.4296533964517566,False,False,False,True,0.34624221091130064,1.459248831793388,0.018030853321316487,0.0027614367790698147,False,False
50,caso_a_soporte_alto,PD008,Cadena01,0.14,21,2849.45,-2.0084999999999997,no,2025-12-29,principal_soportada,3.0,8548.35,2.0084999999999997,0.28119,2.9400000000000004,0.019600000000000003,441,7.955232155535477,9.053610535649069,12,4,1,-2.4492935982947064e-16,1.0,0.12053668025532305,0.992708874098054,soporte_alto,0,0.0010000000000000009,True,True,False,0.3481834479388405,1.2139627501445387,2976.3939771879873,11524.743977187987,0.05268434552102691,0.6436825503566541,1.1816058780238374,1.24631962226524,450.3642250346704,5502.423729341304,8998.71422503467,14050.773729341305,0.0,0.0,0.05268434552102691,1.1816058780238374,False,False,False,True,0.36681386440998853,1.225047377451554,0.018630416471148048,0.011084627307015316,False,False
55,caso_a_soporte_alto,PD008,Cadena01,0.15,21,2849.45,-2.0084999999999997,no,2025-12-29,principal_soportada,3.0,8548.35,2.0084999999999997,0.30127499999999996,3.15,0.0225,441,7.955232155535477,9.053610535649069,12,4,1,-2.4492935982947064e-16,1.0,0.12053668025532305,0.992708874098054,soporte_alto,0,0.0,True,True,False,0.36833648184746176,1.0004209646093756,3148.66916460075,11697.01916460075,0.07283737942964819,0.6638355842652753,0.9680640924886743,1.0327778367300768,622.6394124474331,5674.698916754067,9170.989412447434,14223.048916754067,0.0,0.0,0.07283737942964819,0.9680640924886743,False,False,False,True,0.38761147337535157,0.9935324047563266,0.019274991527889807,0.006888559853048926,False,False
60,caso_a_soporte_alto,PD008,Cadena01,0.16,21,2849.45,-2.0084999999999997,no,2025-12-29,principal_soportada,3.0,8548.35,2.0084999999999997,0.32136,3.36,0.0256,441,7.955232155535477,9.053610535649069,12,4,1,-2.4492935982947064e-16,1.0,0.12053668025532305,0.992708874098054,soporte_alto,0,0.0010000000000000009,True,True,False,0.388670459315848,0.8101966589492042,3322.491120892629,11870.841120892628,0.09317135689803441,0.6841695617336616,0.777839786828503,0.8425535310699055,796.4613687393124,5848.520873045946,9344.811368739312,14396.870873045948,0.0,0.0,0.09317135689803441,0.777839786828503,False,False,False,True,0.4086358062208824,0.8180538068419009,0.01996534690503443,0.007857147892696648,False,False
65,caso_a_soporte_alto,PD008,Cadena01,0.17,21,2849.45,-2.0084999999999997,no,2025-12-29,principal_soportada,3.0,8548.35,2.0084999999999997,0.341445,3.5700000000000003,0.028900000000000006,441,7.955232155535477,9.053610535649069,12,4,1,-2.4492935982947064e-16,1.0,0.12053668025532305,0.992708874098054,soporte_alto,0,0.0010000000000000009,True,True,False,0.4091853803439992,0.6426133034857573,3497.859846063626,12046.209846063626,0.11368627792618563,0.7046844827618128,0.610256431365056,0.6749701756064586,971.830093910309,6023.889598216943,9520.180093910309,14572.239598216944,0.0,0.0,0.11368627792618563,0.610256431365056,False,False,False,True,0.429887599372854,0.6596903364631233,0.020702219028854774,0.017077032977365958,False,False
70,caso_a_soporte_alto,PD008,Cadena01,0.18,21,2849.45,-2.0084999999999997,no,2025-12-29,principal_soportada,3.0,8548.35,2.0084999999999997,0.36152999999999996,3.78,0.0324,441,7.955232155535477,9.053610535649069,12,4,1,-2.4492935982947064e-16,1.0,0.12053668025532305,0.992708874098054,soporte_alto,0,0.0010000000000000009,True,True,False,0.42988124493191526,0.4976654049704582,3674.775340113738,12223.125340113738,0.1343821425141017,0.7253803473497289,0.46530853284975693,0.5300222770911595,1148.7455879604213,6200.805092267055,9697.09558796042,14749.155092267056,0.0,0.0,0.1343821425141017,0.46530853284975693,False,False,False,True,0.4513675565966216,0.5135857501387656,0.021486311664706326,0.015920345168307426,False,False
75,caso_a_soporte_alto,PD008,Cadena01,0.19,21,2849.45,-2.0084999999999997,no,2025-12-29,principal_soportada,3.0,8548.35,2.0084999999999997,0.3816149999999999,3.99,0.0361,441,7.955232155535477,9.053610535649069,12,4,1,-2.4492935982947064e-16,1.0,0.12053668025532305,0.992708874098054,soporte_alto,0,0.0,True,True,False,0.4507580530795963,0.3763450426975722,3853.2376030429673,12401.587603042968,0.15525895066178275,0.7462571554974099,0.3439881705768709,0.40870191481827345,1327.2078508896507,6379.267355196284,9875.55785088965,14927.617355196286,0.0,0.0,0.15525895066178275,0.3439881705768709,False,False,False,True,0.4730763483232206,0.3655982098079365,0.022318295243624275,0.010746832889635682,False,False
80,caso_a_soporte_alto,PD008,Cadena01,0.2,21,2849.45,-2.0084999999999997,no,2025-12-29,principal_soportada,3.0,8548.35,2.0084999999999997,0.40169999999999995,4.2,0.04000000000000001,441,7.955232155535477,9.053610535649069,12,4,1,-2.4492935982947064e-16,1.0,0.12053668025532305,0.992708874098054,soporte_alto,0,0.0010000000000000009,True,True,False,0.4718158047870423,0.26251034591688355,4033.2466348513135,12581.596634851312,0.17631670236922875,0.767314907204856,0.23015347379618228,0.2948672180375848,1507.2168826979967,6559.276387004631,10055.566882697996,15107.626387004631,0.0,0.0,0.17631670236922875,0.23015347379618228,False,False,False,True,0.49501461097652344,0.2595889019351673,0.023198806189481114,0.002921443981716232,False,False
85,caso_a_soporte_alto,PD008,Cadena01,0.21,21,2849.45,-2.0084999999999997,no,2025-12-29,principal_soportada,3.0,8548.35,2.0084999999999997,0.4217849999999999,4.41,0.04409999999999999,441,7.955232155535477,9.053610535649069,12,4,1,-2.4492935982947064e-16,1.0,0.12053668025532305,0.992708874098054,soporte_alto,0,0.0010000000000000009,True,True,False,0.4930545000542533,0.14569609345076795,4214.802435538776,12763.152435538776,0.1975553976364397,0.7885536024720669,0.11333922133006669,0.1780529655714692,1688.7726833854595,6740.832187692093,10237.12268338546,15289.182187692093,0.0,0.0,0.1975553976364397,0.11333922133006669,False,False,False,True,0.5171829463012223,0.14397527617799294,0.024128446246969026,0.0017208172727750104,False,False
90,caso_a_soporte_alto,PD008,Cadena01,0.22,21,2849.45,-2.0084999999999997,no,2025-12-29,principal_soportada,3.0,8548.35,2.0084999999999997,0.44186999999999993,4.62,0.0484,441,7.955232155535477,9.053610535649069,12,4,1,-2.4492935982947064e-16,1.0,0.12053668025532305,0.992708874098054,soporte_alto,0,0.0,True,True,False,0.5144741388812292,0.038460087019002935,4397.9050051053555,12946.255005105355,0.2189750364634156,0.8099732412990428,0.006103214898301665,0.0708169591397042,1871.8752529520389,6923.934757258673,10420.22525295204,15472.284757258672,0.0,0.0,0.2189750364634156,0.006103214898301665,False,False,False,True,0.5395819206919099,0.03673412821800663,0.02510778181068074,0.0017259588009963037,False,False
95,caso_a_soporte_alto,PD008,Cadena01,0.23,21,2849.45,-2.0084999999999997,no,2025-12-29,principal_soportada,3.0,8548.35,2.0084999999999997,0.46195499999999995,4.83,0.0529,441,7.955232155535477,9.053610535649069,12,4,1,-2.4492935982947064e-16,1.0,0.12053668025532305,0.992708874098054,soporte_alto,0,0.0,True,True,False,0.53607472126797,-0.037879455352878046,4582.554343551051,13130.904343551052,0.24057561885015638,0.8315738236857835,-0.07023632747357932,-0.005522583232176775,2056.524591397734,7108.584095704367,10604.874591397735,15656.934095704368,0.0,0.0,0.24057561885015638,-0.07023632747357932,False,False,False,True,0.5622120645235313,-0.04279839206436752,0.026137343255561385,0.004918936711489477,False,False
100,caso_a_soporte_alto,PD008,Cadena01,0.24,21,2849.45,-2.0084999999999997,no,2025-12-29,principal_soportada,3.0,8548.35,2.0084999999999997,0.4820399999999999,5.04,0.0576,441,7.955232155535477,9.053610535649069,12,4,1,-2.4492935982947064e-16,1.0,0.12053668025532305,0.992708874098054,soporte_alto,1,0.008000000000000007,True,True,False,0.5578562472144758,-0.13131793216579277,4768.750450875865,13317.100450875863,0.2623571447966622,0.8533553496322894,-0.16367480428649403,-0.0989610600450915,2242.7206987225477,7294.780203029181,10791.070698722548,15843.130203029183,0.0,0.0,0.2623571447966622,-0.16367480428649403,False,False,False,True,0.585073871483488,-0.12185113506844025,0.027217624269012197,0.009466797097352514,False,False
105,caso_a_soporte_alto,PD008,Cadena01,0.25,21,2849.45,-2.0084999999999997,no,2025-12-29,principal_soportada,3.0,8548.35,2.0084999999999997,0.5021249999999999,5.25,0.0625,441,7.955232155535477,9.053610535649069,12,4,1,-2.4492935982947064e-16,1.0,0.12053668025532305,0.992708874098054,soporte_alto,2,0.0020000000000000018,True,True,False,0.5798187167207465,-0.1893517445599816,4956.493327079794,13504.843327079794,0.2843196143029329,0.87531781913856,-0.22170861668068287,-0.15699487243928034,2430.4635749264767,7482.5230792331095,10978.813574926477,16030.87307923311,0.0,0.0,0.2843196143029329,-0.22170861668068287,False,False,False,True,0.6081677979056712,-0.19677548299858105,0.02834908118492474,0.007423738438599448,False,False
110,caso_a_soporte_alto,PD008,Cadena01,0.26,21,2849.45,-2.0084999999999997,no,2025-12-29,principal_soportada,3.0,8548.35,2.0084999999999997,0.52221,5.46,0.06760000000000001,441,7.955232155535477,9.053610535649069,12,4,1,-2.4492935982947064e-16,1.0,0.12053668025532305,0.992708874098054,soporte_alto,2,0.0020000000000000018,True,True,False,0.6019621297867822,-0.27120084557525836,5145.7829721628395,13694.132972162839,0.30646302736896863,0.8974612322045958,-0.30355771769595963,-0.2388439734545571,2619.753220009523,7671.812724316157,11168.103220009523,16220.162724316158,0.0,0.0,0.30646302736896863,-0.30355771769595963,False,False,False,True,0.6314942621067148,-0.2731079210254476,0.02953213231993257,0.001907075450189255,False,False
115,caso_a_soporte_alto,PD008,Cadena01,0.27,21,2849.45,-2.0084999999999997,no,2025-12-29,principal_soportada,3.0,8548.35,2.0084999999999997,0.542295,5.67,0.0729,441,7.955232155535477,9.053610535649069,12,4,1,-2.4492935982947064e-16,1.0,0.12053668025532305,0.992708874098054,soporte_alto,2,0.0,True,True,False,0.6242864864125828,-0.33319258592176504,5336.619386125002,13884.969386125003,0.3287873839947692,0.9197855888303963,-0.3655494580424663,-0.3008357138010638,2810.5896339716855,7862.649138278319,11358.939633971686,16410.99913827832,0.0,0.0,0.3287873839947692,-0.3655494580424663,False,False,False,True,0.6550536437247485,-0.3294147610878257,0.030767157312165727,0.003777824833939347,False,False
120,caso_a_soporte_alto,PD008,Cadena01,0.28,21,2849.45,-2.0084999999999997,no,2025-12-29,principal_soportada,3.0,8548.35,2.0084999999999997,0.56238,5.880000000000001,0.07840000000000001,441,7.955232155535477,9.053610535649069,12,4,1,-2.4492935982947064e-16,1.0,0.12053668025532305,0.992708874098054,soporte_alto,2,0.004999999999999949,True,True,False,0.6467917865981484,-0.39288820863972435,5529.0025689662825,14077.352568966282,0.3512926841803348,0.942290889015962,-0.4252450807604256,-0.3605313365190231,3002.9728168129654,8055.032321119599,11551.322816812964,16603.3823211196,0.0,0.0,0.3512926841803348,-0.4252450807604256,False,False,False,True,0.6788462830609514,-0.39745422952885384,0.032054496462803006,0.004566020889129496,False,False
125,caso_a_soporte_alto,PD008,Cadena01,0.29,21,2849.45,-2.0084999999999997,no,2025-12-29,principal_soportada,3.0,8548.35,2.0084999999999997,0.5824649999999999,6.09,0.0841,441,7.955232155535477,9.053610535649069,12,4,1,-2.4492935982947064e-16,1.0,0.12053668025532305,0.992708874098054,soporte_alto,2,0.0040000000000000036,True,True,False,0.6694780303434789,-0.4491995087947233,5722.932520686678,14271.282520686678,0.3739789279256653,0.9649771327612924,-0.4815563809154246,-0.41684263667402205,3196.902768533361,8248.962272839994,11745.252768533363,16797.312272839994,0.0,0.0,0.3739789279256653,-0.4815563809154246,False,False,False,True,0.7028724804241919,-0.4501764820507767,0.03339445008071307,0.0009769732560533928,False,False
130,caso_a_soporte_alto,PD008,Cadena01,0.3,21,2849.45,-2.0084999999999997,no,2025-12-29,principal_soportada,3.0,8548.35,2.0084999999999997,0.6025499999999999,6.3,0.09,441,7.955232155535477,9.053610535649069,12,4,1,-2.4492935982947064e-16,1.0,0.12053668025532305,0.992708874098054,soporte_alto,1,0.0020000000000000018,True,True,False,0.6923452176485743,-0.4948190883555649,5918.40924128619,14466.75924128619,0.3968461152307607,0.9878443200663878,-0.5271759604762661,-0.4624622162348636,3392.3794891328735,8444.438993439506,11940.729489132875,16992.788993439506,0.0,0.0,0.3968461152307607,-0.5271759604762661,False,False,False,True,0.7271324954790541,-0.4962159406234849,0.03478727783047986,0.0013968522679200235,False,False
135,caso_a_soporte_alto,PD008,Cadena01,0.31,21,2849.45,-2.0084999999999997,no,2025-12-29,principal_soportada,3.0,8548.35,2.0084999999999997,0.6226349999999999,6.51,0.0961,441,7.955232155535477,9.053610535649069,12,4,1,-2.4492935982947064e-16,1.0,0.12053668025532305,0.992708874098054,soporte_alto,1,0.0,True,True,False,0.7153933485134347,-0.5445142202031555,6115.43273076482,14663.78273076482,0.41989424609562115,1.0108924509312482,-0.5768710923238568,-0.5121573480824543,3589.4029786115034,8641.462482918136,12137.752978611505,17189.812482918136,0.0,0.0,0.41989424609562115,-0.5768710923238568,False,False,False,True,0.7516265465975529,-0.5471469371953658,0.03623319808411818,0.002632716992210238,False,False
140,caso_a_soporte_alto,PD008,Cadena01,0.32,21,2849.45,-2.0084999999999997,no,2025-12-29,principal_soportada,3.0,8548.35,2.0084999999999997,0.64272,6.72,0.1024,441,7.955232155535477,9.053610535649069,12,4,1,-2.4492935982947064e-16,1.0,0.12053668025532305,0.992708874098054,soporte_alto,1,0.006000000000000005,True,True,False,0.73862242293806,-0.5938414340206611,6314.002989122566,14862.352989122566,0.44312332052024644,1.0341215253558735,-0.6261983061413624,-0.5614845618999599,3787.973236969249,8840.032741275882,12336.32323696925,17388.38274127588,0.0,0.0,0.44312332052024644,-0.6261983061413624,False,False,False,True,0.7763548102148341,-0.593722096228285,0.03773238727677408,0.00011933779237616182,False,False
145,caso_a_soporte_alto,PD008,Cadena01,0.33,21,2849.45,-2.0084999999999997,no,2025-12-29,principal_soportada,3.0,8548.35,2.0084999999999997,0.662805,6.930000000000001,0.10890000000000001,441,7.955232155535477,9.053610535649069,12,4,1,-2.4492935982947064e-16,1.0,0.12053668025532305,0.992708874098054,soporte_alto,1,0.0040000000000000036,True,True,False,0.7620324409224503,-0.6385440742258245,6514.120016359428,15062.470016359428,0.4665333385046367,1.057531543340264,-0.6709009463465258,-0.6061872021051232,3988.090264206111,9040.149768512745,12536.44026420611,17588.499768512746,0.0,0.0,0.4665333385046367,-0.6709009463465258,False,False,False,True,0.8013174201891697,-0.6374530517296793,0.03928497926671948,0.001091022496145233,False,False
150,caso_a_soporte_alto,PD008,Cadena01,0.34,21,2849.45,-2.0084999999999997,no,2025-12-29,principal_soportada,3.0,8548.35,2.0084999999999997,0.68289,7.140000000000001,0.11560000000000002,441,7.955232155535477,9.053610535649069,12,4,1,-2.4492935982947064e-16,1.0,0.12053668025532305,0.992708874098054,soporte_alto,0,0.0020000000000000018,True,True,False,0.7856234024666056,-0.6760763870344775,6715.783812475408,15264.133812475407,0.490124300048792,1.081122504884419,-0.7084332591551787,-0.6437195149137762,4189.754060322091,9241.813564628725,12738.104060322092,17790.163564628725,0.0,0.0,0.490124300048792,-0.7084332591551787,False,False,False,True,0.8265144671665539,-0.676296439674162,0.0408910646999483,0.00022005263968449817,False,False
155,caso_a_soporte_alto,PD008,Cadena01,0.35,21,2849.45,-2.0084999999999997,no,2025-12-29,principal_soportada,3.0,8548.35,2.0084999999999997,0.7029749999999999,7.35,0.12249999999999998,441,7.955232155535477,9.053610535649069,12,4,1,-2.4492935982947064e-16,1.0,0.12053668025532305,0.992708874098054,soporte_alto,0,0.007999999999999952,True,True,False,0.8093953075705256,-0.716818661780011,6918.9943774705025,15467.344377470503,0.5138962051527121,1.104894409988339,-0.7491755339007122,-0.6844617896593097,4392.964625317186,9445.024129623818,12941.314625317187,17993.37412962382,0.0,0.0,0.5138962051527121,-0.7491755339007122,False,False,False,True,0.8519459979502075,-0.7146692536077635,0.042550690379681955,0.0021494081722475133,False,False
160,caso_a_soporte_alto,PD008,Cadena01,0.36,21,2849.45,-2.0084999999999997,no,2025-12-29,principal_soportada,3.0,8548.35,2.0084999999999997,0.7230599999999999,7.56,0.1296,441,7.955232155535477,9.053610535649069,12,4,1,-2.4492935982947064e-16,1.0,0.12053668025532305,0.992708874098054,soporte_alto,0,0.01799999999999996,True,True,False,0.8333481562342107,-0.7546594185174965,7123.751711344715,15672.101711344716,0.5378490538163971,1.1288472586520242,-0.7870162906381978,-0.7223025463967953,4597.721959191399,9649.781463498031,13146.071959191398,18198.13146349803,0.0,0.0,0.5378490538163971,-0.7870162906381978,False,False,False,True,0.8776120148753044,-0.7545898161178954,0.04426385864109372,6.960239960107639e-05,False,False
165,caso_a_soporte_alto,PD008,Cadena01,0.37,21,2849.45,-2.0084999999999997,no,2025-12-29,principal_soportada,3.0,8548.35,2.0084999999999997,0.743145,7.77,0.1369,441,7.955232155535477,9.053610535649069,12,4,1,-2.4492935982947064e-16,1.0,0.12053668025532305,0.992708874098054,soporte_alto,0,0.008000000000000007,True,True,False,0.8574819484576608,-0.7791641810749413,7330.055814098045,15878.405814098045,0.5619828460398473,1.1529810508754743,-0.8115210531956426,-0.7468073089542401,4804.026061944729,9856.08556625136,13352.37606194473,18404.43556625136,0.0,0.0,0.5619828460398473,-0.8115210531956426,False,False,False,True,0.903512475189234,-0.7790828143035919,0.04603052673157326,8.13667713494004e-05,False,False
180,caso_a_soporte_alto,PD008,Cadena01,0.4,21,2849.45,-2.0084999999999997,no,2025-12-29,principal_soportada,3.0,8548.35,2.0084999999999997,0.8033999999999999,8.4,0.16000000000000003,441,7.955232155535477,9.053610535649069,12,4,1,-2.4492935982947064e-16,1.0,0.12053668025532305,0.992708874098054,soporte_alto,0,0.02200000000000002,True,False,True,0.9309689864866006,-0.8200758031941321,7958.248735632733,16506.598735632735,0.6354698840687871,1.2264680889044142,-0.8524326753148334,-0.7877189310734308,5432.218983479416,10484.278487786049,13980.568983479418,19032.62848778605,0.0,0.0,0.6354698840687871,-0.8524326753148334,False,False,True,True,0.9826193997730088,-0.8295615553776032,0.05165041328640818,0.009485752183471141,False,False
199,caso_b_alto_volumen,PD013,Cadena02,0.08,14,3828.55,-1.0735000000000001,no,2025-12-29,principal_soportada,2.0,7657.1,1.0735000000000001,0.08588000000000001,1.12,0.0064,196,8.250502581799209,8.943519190191731,12,4,1,-2.4492935982947064e-16,1.0,0.12053668025532305,0.992708874098054,soporte_medio,1,0.012999999999999998,True,False,True,0.14927551604892714,4.081138701208669,1143.01755393824,8800.11755393824,-0.14622358636888644,0.4447746184667407,4.048781829087968,4.11349557332937,-1119.6486231852004,3405.6837310616806,6537.4513768148,11062.783731061681,0.02,0.01,-0.16622358636888643,4.038781829087968,False,False,False,False,0.16564099322754822,3.6593569783389865,0.01636547717862108,0.4217817228696825,True,False
185,caso_b_alto_volumen,PD013,Cadena02,0.05,21,3828.55,-1.0735000000000001,no,2025-12-29,principal_soportada,3.0,11485.65,1.0735000000000001,0.05367500000000001,1.05,0.0025000000000000005,441,8.250502581799209,9.348940770455126,12,4,1,-2.4492935982947064e-16,1.0,0.12053668025532305,0.992708874098054,soporte_medio,0,0.043,True,False,True,0.1041820521183765,4.080936656893063,1196.598586913431,12682.24858691343,-0.19131705029943707,0.3996811545361901,4.048579784772362,4.113293529013764,-2197.4006787717294,4590.597852598591,9288.249321228272,16076.24785259859,0.02,0.01,-0.21131705029943706,4.038579784772362,False,False,True,True,0.12559557763915358,4.2816260230728584,0.021413525520777077,0.2006893661797955,True,False
195,caso_b_alto_volumen,PD013,Cadena02,0.07,21,3828.55,-1.0735000000000001,no,2025-12-29,principal_soportada,3.0,11485.65,1.0735000000000001,0.07514500000000002,1.4700000000000002,0.004900000000000001,441,8.250502581799209,9.348940770455126,12,4,1,-2.4492935982947064e-16,1.0,0.12053668025532305,0.992708874098054,soporte_medio,0,0.022999999999999993,True,False,True,0.132736826135601,4.0807928824157145,1524.5687271043657,13010.218727104366,-0.16276227628221257,0.4282359285534146,4.048436010295013,4.1131497545364155,-1869.4305385807947,4918.567992789526,9616.219461419205,16404.217992789527,0.02,0.01,-0.18276227628221256,4.038436010295014,False,False,False,True,0.1531458106512674,4.281424055385785,0.02040898451566639,0.20063117297007071,True,False
200,caso_b_alto_volumen,PD013,Cadena02,0.08,21,3828.55,-1.0735000000000001,no,2025-12-29,principal_soportada,3.0,11485.65,1.0735000000000001,0.08588000000000001,1.68,0.0064,441,8.250502581799209,9.348940770455126,12,4,1,-2.4492935982947064e-16,1.0,0.12053668025532305,0.992708874098054,soporte_medio,0,0.012999999999999998,True,False,True,0.14728562848386068,4.080696629108601,1691.6711787956542,13177.321178795653,-0.1482134739339529,0.44278473090167425,4.0483397569879,4.113053501229302,-1702.328086889506,5085.670444480815,9783.321913110494,16571.320444480814,0.02,0.01,-0.1682134739339529,4.0383397569879005,False,False,False,True,0.16706125549447723,3.6594033276117646,0.019775627010616553,0.42129330149683675,True,False
205,caso_b_alto_volumen,PD013,Cadena02,0.09,21,3828.55,-1.0735000000000001,no,2025-12-29,principal_soportada,3.0,11485.65,1.0735000000000001,0.096615,1.89,0.0081,441,8.250502581799209,9.348940770455126,12,4,1,-2.4492935982947064e-16,1.0,0.12053668025532305,0.992708874098054,soporte_medio,0,0.0030000000000000027,True,False,True,0.16201537439188535,2.9711912569702363,1860.851884884158,13346.501884884157,-0.13348372802592823,0.4575144768096989,2.938834384849535,3.003548129090938,-1533.1473808010026,5254.851150569319,9952.502619198996,16740.50115056932,0.02,0.01,-0.15348372802592822,2.928834384849535,False,False,False,True,0.18106938493021177,2.9622872252145167,0.01905401053832642,0.008904031755719632,False,False
210,caso_b_alto_volumen,PD013,Cadena02,0.1,21,3828.55,-1.0735000000000001,no,2025-12-29,principal_soportada,3.0,11485.65,1.0735000000000001,0.10735000000000001,2.1,0.010000000000000002,441,8.250502581799209,9.348940770455126,12,4,1,-2.4492935982947064e-16,1.0,0.12053668025532305,0.992708874098054,soporte_medio,0,0.0049999999999999906,True,True,False,0.1769260638596748,2.512032759689489,2032.1108453698737,13517.760845369874,-0.11857303855813878,0.4724251662774884,2.4796758875687877,2.5443896318101906,-1361.8884203152866,5426.110111055034,10123.761579684713,16911.760111055035,0.02,0.01,-0.13857303855813877,2.469675887568788,False,False,False,True,0.1951695161111476,2.5242594930677114,0.018243452251472808,0.012226733378222221,False,False
215,caso_b_alto_volumen,PD013,Cadena02,0.11,21,3828.55,-1.0735000000000001,no,2025-12-29,principal_soportada,3.0,11485.65,1.0735000000000001,0.11808500000000001,2.31,0.0121,441,8.250502581799209,9.348940770455126,12,4,1,-2.4492935982947064e-16,1.0,0.12053668025532305,0.992708874098054,soporte_medio,0,0.0010000000000000009,True,True,False,0.1920176968872293,2.098359465002902,2205.448060252805,13691.098060252805,-0.10348140553058427,0.4875167993050429,2.0660025928822003,2.1307163371236033,-1188.5512054323551,5599.447325937966,10297.098794567644,17085.097325937964,0.02,0.01,-0.12348140553058427,2.0560025928822006,False,False,False,True,0.20936094032962638,2.096158295983019,0.01734324344239707,0.002201169019882876,False,False
220,caso_b_alto_volumen,PD013,Cadena02,0.12,21,3828.55,-1.0735000000000001,no,2025-12-29,principal_soportada,3.0,11485.65,1.0735000000000001,0.12882000000000002,2.52,0.0144,441,8.250502581799209,9.348940770455126,12,4,1,-2.4492935982947064e-16,1.0,0.12053668025532305,0.992708874098054,soporte_medio,2,0.0020000000000000018,True,True,False,0.2072902734745488,1.7662147593161024,2380.8635295329514,13866.513529532951,-0.08820882894326479,0.5027893758923624,1.7338578871954011,1.7985716314368037,-1013.1357361522092,5774.862795218112,10472.51426384779,17260.512795218114,0.02,0.01,-0.10820882894326479,1.7238578871954011,False,False,False,True,0.22364292289057963,1.7496954622568672,0.016352649416030846,0.01651929705923516,False,True
225,caso_b_alto_volumen,PD013,Cadena02,0.13,21,3828.55,-1.0735000000000001,no,2025-12-29,principal_soportada,3.0,11485.65,1.0735000000000001,0.139555,2.73,0.016900000000000002,441,8.250502581799209,9.348940770455126,12,4,1,-2.4492935982947064e-16,1.0,0.12053668025532305,0.992708874098054,soporte_medio,2,0.007000000000000006,True,True,False,0.22274379362163316,1.4619724564440104,2558.357253210311,14044.007253210311,-0.07275530879618042,0.5182428960394467,1.4296155843233092,1.4943293285647117,-835.6420124748496,5952.356518895471,10650.00798752515,17438.006518895472,0.02,0.01,-0.09275530879618042,1.4196155843233091,False,False,False,True,0.23801470299126573,1.458774477228212,0.015270909369632574,0.003197979215798341,False,True
230,caso_b_alto_volumen,PD013,Cadena02,0.14,21,3828.55,-1.0735000000000001,no,2025-12-29,principal_soportada,3.0,11485.65,1.0735000000000001,0.15029000000000003,2.9400000000000004,0.019600000000000003,441,8.250502581799209,9.348940770455126,12,4,1,-2.4492935982947064e-16,1.0,0.12053668025532305,0.992708874098054,soporte_medio,3,0.0030000000000000027,True,True,False,0.2383782573284825,1.2140416568332446,2737.9292312848847,14223.579231284884,-0.057120845089331074,0.533877359746296,1.1816847847125433,1.2463985289539459,-656.0700344002754,6131.928496970045,10829.579965599725,17617.578496970043,0.02,0.01,-0.07712084508933108,1.1716847847125433,False,False,False,True,0.25247549360794835,1.2239870194621043,0.014097236279465852,0.0099453626288597,False,True
235,caso_b_alto_volumen,PD013,Cadena02,0.15,21,3828.55,-1.0735000000000001,no,2025-12-29,principal_soportada,3.0,11485.65,1.0735000000000001,0.161025,3.15,0.0225,441,8.250502581799209,9.348940770455126,12,4,1,-2.4492935982947064e-16,1.0,0.12053668025532305,0.992708874098054,soporte_medio,3,0.0020000000000000018,True,True,False,0.25419366459509674,1.0004550260075162,2919.579463756673,14405.229463756672,-0.04130543782271684,0.5496927670129104,0.968098153886815,1.0328118981282175,-474.41980192848763,6313.578729441834,11011.230198071511,17799.228729441835,0.02,0.01,-0.06130543782271684,0.958098153886815,False,False,False,True,0.2670244813896387,0.9942141677168859,0.012830816794541955,0.006240858290630369,False,True
240,caso_b_alto_volumen,PD013,Cadena02,0.16,21,3828.55,-1.0735000000000001,no,2025-12-29,principal_soportada,3.0,11485.65,1.0735000000000001,0.17176000000000002,3.36,0.0256,441,8.250502581799209,9.348940770455126,12,4,1,-2.4492935982947064e-16,1.0,0.12053668025532305,0.992708874098054,soporte_medio,3,0.0,True,True,False,0.270190015421476,0.8101523876802017,3103.307950625676,14588.957950625676,-0.02530908699633755,0.5656891178392895,0.7777955155595004,0.842509259800903,-290.69131505948434,6497.307216310835,11194.958684940515,17982.957216310835,0.02,0.01,-0.04530908699633755,0.7677955155595004,False,False,False,True,0.2816608265590286,0.8185325784847197,0.01147081113755255,0.008380190804518017,False,True
245,caso_b_alto_volumen,PD013,Cadena02,0.17,21,3828.55,-1.0735000000000001,no,2025-12-29,principal_soportada,3.0,11485.65,1.0735000000000001,0.18249500000000005,3.5700000000000003,0.028900000000000006,441,8.250502581799209,9.348940770455126,12,4,1,-2.4492935982947064e-16,1.0,0.12053668025532305,0.992708874098054,soporte_medio,2,0.0010000000000000009,True,True,False,0.28636730980762015,0.6426714560826281,3289.114691891892,14774.764691891893,-0.009131792610193423,0.5818664122254338,0.6103145839619268,0.6750283282033294,-104.88457379326809,6683.113957577053,11380.765426206732,18168.76395757705,0.02,0.01,-0.029131792610193424,0.6003145839619268,False,False,False,True,0.2963836628207344,0.6601163651211919,0.010016353013114265,0.01744490903856377,False,True
250,caso_b_alto_volumen,PD013,Cadena02,0.18,21,3828.55,-1.0735000000000001,no,2025-12-29,principal_soportada,3.0,11485.65,1.0735000000000001,0.19323,3.78,0.0324,441,8.250502581799209,9.348940770455126,12,4,1,-2.4492935982947064e-16,1.0,0.12053668025532305,0.992708874098054,soporte_medio,2,0.0030000000000000027,True,True,False,0.3027255477535292,0.49772355756732894,3476.999687555323,14962.649687555324,0.007226445335715648,0.5982246501713429,0.4653666854466277,0.5300804296880303,83.00042187016243,6870.998953240483,11568.650421870161,18356.648953240485,0.02,0.01,-0.012773554664284353,0.4553666854466277,False,False,False,True,0.31119209727697267,0.5136204411266284,0.008466549523443445,0.01589688355929947,False,True
255,caso_b_alto_volumen,PD013,Cadena02,0.19,21,3828.55,-1.0735000000000001,no,2025-12-29,principal_soportada,3.0,11485.65,1.0735000000000001,0.20396500000000004,3.99,0.0361,441,8.250502581799209,9.348940770455126,12,4,1,-2.4492935982947064e-16,1.0,0.12053668025532305,0.992708874098054,soporte_medio,1,0.0010000000000000009,True,True,False,0.3192647292592033,0.37653553510797433,3666.9629376159683,15152.612937615968,0.02376562684138972,0.6147638316770169,0.34417866298727307,0.4088924072286756,272.96367193080783,7060.962203301128,11758.613671930807,18546.61220330113,0.02,0.01,0.0037656268413897194,0.33417866298727306,False,False,False,True,0.32608521035078597,0.36523803937606425,0.006820481091582675,0.011297495731910079,False,True
260,caso_b_alto_volumen,PD013,Cadena02,0.2,21,3828.55,-1.0735000000000001,no,2025-12-29,principal_soportada,3.0,11485.65,1.0735000000000001,0.21470000000000003,4.2,0.04000000000000001,441,8.250502581799209,9.348940770455126,12,4,1,-2.4492935982947064e-16,1.0,0.12053668025532305,0.992708874098054,soporte_medio,1,0.0010000000000000009,True,True,False,0.3359848543246423,0.2628469752950352,3859.0044420738277,15344.654442073828,0.04048575190682874,0.6314839567424559,0.23049010317433394,0.29520384741573646,465.00517638866745,7253.003707758989,11950.655176388667,18738.65370775899,0.02,0.01,0.020485751906828737,0.22049010317433393,False,False,False,True,0.3410620557169345,0.26092781978151935,0.005077201392292174,0.0019191555135158467,False,True
265,caso_b_alto_volumen,PD013,Cadena02,0.21,21,3828.55,-1.0735000000000001,no,2025-12-29,principal_soportada,3.0,11485.65,1.0735000000000001,0.22543500000000002,4.41,0.04409999999999999,441,8.250502581799209,9.348940770455126,12,4,1,-2.4492935982947064e-16,1.0,0.12053668025532305,0.992708874098054,soporte_medio,1,0.0,True,True,False,0.3528859229498462,0.14607138342637513,4053.1242009289012,15538.774200928901,0.057386820532032645,0.6483850253676597,0.11371451130567387,0.1784282555470764,659.1249352437408,7447.123466614061,12144.77493524374,18932.77346661406,0.02,0.01,0.03738682053203264,0.10371451130567387,False,False,False,True,0.35612166024056785,0.144403405780899,0.0032357372907216297,0.001667977645476132,False,True
270,caso_b_alto_volumen,PD013,Cadena02,0.22,21,3828.55,-1.0735000000000001,no,2025-12-29,principal_soportada,3.0,11485.65,1.0735000000000001,0.23617000000000002,4.62,0.0484,441,8.250502581799209,9.348940770455126,12,4,1,-2.4492935982947064e-16,1.0,0.12053668025532305,0.992708874098054,soporte_medio,0,0.0020000000000000018,True,True,False,0.3699679351348151,0.03879196706276643,4249.322214181188,15734.972214181189,0.0744688327170015,0.6654670375526286,0.006435094942065157,0.0711488391834677,855.3229484960283,7643.321479866348,12340.972948496028,19128.971479866348,0.02,0.01,0.054468832717001495,-0.003564905057934843,False,False,False,True,0.3712630239237904,0.03700432655518936,0.0012950887889753293,0.0017876405075770707,False,False
275,caso_b_alto_volumen,PD013,Cadena02,0.23,21,3828.55,-1.0735000000000001,no,2025-12-29,principal_soportada,3.0,11485.65,1.0735000000000001,0.24690500000000004,4.83,0.0529,441,8.250502581799209,9.348940770455126,12,4,1,-2.4492935982947064e-16,1.0,0.12053668025532305,0.992708874098054,soporte_medio,0,0.0,True,True,False,0.38723089087954893,-0.03761573541700795,4447.598481830691,15933.248481830691,0.09173178846173535,0.6827299932973625,-0.06997260753770923,-0.005258863296306683,1053.5992161455306,7841.597747515852,12539.249216145528,19327.247747515852,0.02,0.01,0.07173178846173535,-0.07997260753770923,False,False,False,True,0.3864851198602262,-0.04266278848947306,0.0007457710193227163,0.005047053072465106,False,False
280,caso_b_alto_volumen,PD013,Cadena02,0.24,21,3828.55,-1.0735000000000001,no,2025-12-29,principal_soportada,3.0,11485.65,1.0735000000000001,0.25764000000000004,5.04,0.0576,441,8.250502581799209,9.348940770455126,12,4,1,-2.4492935982947064e-16,1.0,0.12053668025532305,0.992708874098054,soporte_medio,0,0.0010000000000000009,True,True,False,0.4046747901840477,-0.13105421222992264,4647.953003877407,16133.603003877408,0.1091756877662341,0.7001738926018612,-0.1634110843506239,-0.09869734010922138,1253.9537381922466,8041.952269562567,12739.603738192247,19527.60226956257,0.02,0.01,0.0891756877662341,-0.1734110843506239,False,False,False,True,0.40178689419769525,-0.12119087724151108,0.002887895986352418,0.009863334988411562,False,False
285,caso_b_alto_volumen,PD013,Cadena02,0.25,21,3828.55,-1.0735000000000001,no,2025-12-29,principal_soportada,3.0,11485.65,1.0735000000000001,0.26837500000000003,5.25,0.0625,441,8.250502581799209,9.348940770455126,12,4,1,-2.4492935982947064e-16,1.0,0.12053668025532305,0.992708874098054,soporte_medio,0,0.006000000000000005,True,True,False,0.4222996330483114,-0.18928136742465307,4850.385780321338,16336.035780321336,0.12680053063049784,0.717798735466125,-0.22163823954535433,-0.1569244953039518,1456.3865146361775,8244.385046006499,12942.036514636176,19730.0350460065,0.02,0.01,0.10680053063049784,-0.23163823954535434,False,False,False,True,0.4171672661091029,-0.1966404713822318,0.005132366939208544,0.007359103957578744,False,False
290,caso_b_alto_volumen,PD013,Cadena02,0.26,21,3828.55,-1.0735000000000001,no,2025-12-29,principal_soportada,3.0,11485.65,1.0735000000000001,0.27911,5.46,0.06760000000000001,441,8.250502581799209,9.348940770455126,12,4,1,-2.4492935982947064e-16,1.0,0.12053668025532305,0.992708874098054,soporte_medio,0,0.0040000000000000036,True,True,False,0.44010541947234005,-0.2711631987644641,5054.896811162483,16540.54681116248,0.14460631705452648,0.7356045218901537,-0.30352007088516536,-0.23880632664376283,1660.897545477322,8448.896076847643,13146.54754547732,19934.546076847644,0.02,0.01,0.12460631705452647,-0.31352007088516537,False,False,False,True,0.432625127771646,-0.2731621211127204,0.007480291700694031,0.0019989223482563268,False,False
295,caso_b_alto_volumen,PD013,Cadena02,0.27,21,3828.55,-1.0735000000000001,no,2025-12-29,principal_soportada,3.0,11485.65,1.0735000000000001,0.2898450000000001,5.67,0.0729,441,8.250502581799209,9.348940770455126,12,4,1,-2.4492935982947064e-16,1.0,0.12053668025532305,0.992708874098054,soporte_medio,0,0.0020000000000000018,True,True,False,0.4580921494561337,-0.33315493911097077,5261.486096400842,16747.13609640084,0.16259304703832012,0.7535912518739473,-0.36551181123167203,-0.3007980669902695,1867.4868307156814,8655.485362086001,13353.13683071568,20141.135362086,0.02,0.01,0.14259304703832013,-0.37551181123167204,False,False,False,True,0.44815934435443483,-0.3299242769478592,0.00993280510169886,0.003230662163111575,False,False
300,caso_b_alto_volumen,PD013,Cadena02,0.28,21,3828.55,-1.0735000000000001,no,2025-12-29,principal_soportada,3.0,11485.65,1.0735000000000001,0.30058000000000007,5.880000000000001,0.07840000000000001,441,8.250502581799209,9.348940770455126,12,4,1,-2.4492935982947064e-16,1.0,0.12053668025532305,0.992708874098054,soporte_medio,0,0.002999999999999947,True,True,False,0.4762598229996922,-0.3928381503953276,5470.153636036414,16955.803636036413,0.18076072058187864,0.7717589254175058,-0.42519502251602886,-0.36048127827462634,2076.1543703512543,8864.152901721574,13561.804370351254,20349.802901721578,0.02,0.01,0.16076072058187865,-0.4351950225160289,False,False,False,True,0.4637687540146285,-0.39789880656774934,0.012491068985063691,0.00506065617242174,False,False
305,caso_b_alto_volumen,PD013,Cadena02,0.29,21,3828.55,-1.0735000000000001,no,2025-12-29,principal_soportada,3.0,11485.65,1.0735000000000001,0.311315,6.09,0.0841,441,8.250502581799209,9.348940770455126,12,4,1,-2.4492935982947064e-16,1.0,0.12053668025532305,0.992708874098054,soporte_medio,0,0.0030000000000000027,True,True,False,0.49460844010301563,-0.4492081091430301,5680.899430069201,17166.5494300692,0.19910933768520206,0.7901075425208293,-0.4815649812637314,-0.41685123702232885,2286.900164384041,9074.898695754362,13772.55016438404,20560.54869575436,0.02,0.01,0.17910933768520207,-0.4915649812637314,False,False,False,True,0.47945216790217915,-0.450493309488462,0.015156272200836485,0.0012852003454318917,False,False
310,caso_b_alto_volumen,PD013,Cadena02,0.3,21,3828.55,-1.0735000000000001,no,2025-12-29,principal_soportada,3.0,11485.65,1.0735000000000001,0.32205,6.3,0.09,441,8.250502581799209,9.348940770455126,12,4,1,-2.4492935982947064e-16,1.0,0.12053668025532305,0.992708874098054,soporte_medio,0,0.0,True,True,False,0.513138000766104,-0.4948776401316678,5893.723478499202,17379.373478499205,0.21763889834829048,0.8086371031839177,-0.5272345122523691,-0.46252076801096653,2499.7242128140424,9287.722744184364,13985.374212814042,20773.372744184362,0.02,0.01,0.1976388983482905,-0.5372345122523691,False,False,False,True,0.4952083701732737,-0.49662569584340355,0.01792963059283037,0.001748055711735752,False,False
315,caso_b_alto_volumen,PD013,Cadena02,0.31,21,3828.55,-1.0735000000000001,no,2025-12-29,principal_soportada,3.0,11485.65,1.0735000000000001,0.33278500000000005,6.51,0.0961,441,8.250502581799209,9.348940770455126,12,4,1,-2.4492935982947064e-16,1.0,0.12053668025532305,0.992708874098054,soporte_medio,0,0.0,True,True,False,0.5318485049889574,-0.5445727719792585,6108.625781326418,17594.275781326418,0.23634940257114384,0.8273476074067709,-0.5769296440999597,-0.5122158998585572,2714.6265156412583,9502.625047011577,14200.276515641259,20988.27504701158,0.02,0.01,0.21634940257114385,-0.5869296440999597,False,False,False,True,0.511036118012564,-0.5476519436241751,0.020812386976393427,0.0030791716449166673,False,False
320,caso_b_alto_volumen,PD013,Cadena02,0.32,21,3828.55,-1.0735000000000001,no,2025-12-29,principal_soportada,3.0,11485.65,1.0735000000000001,0.34352000000000005,6.72,0.1024,441,8.250502581799209,9.348940770455126,12,4,1,-2.4492935982947064e-16,1.0,0.12053668025532305,0.992708874098054,soporte_medio,0,0.010000000000000009,True,True,False,0.5507399527715758,-0.5940190854614248,6325.60633855085,17811.25633855085,0.25524085035376226,0.8462390551893895,-0.626375957582126,-0.5616622133407235,2931.6070728656896,9719.60560423601,14417.257072865688,21205.255604236012,0.02,0.01,0.23524085035376227,-0.6363759575821261,False,False,False,True,0.526934141664271,-0.5941344565649658,0.02380581110730484,0.00011537110354098434,False,False
325,caso_b_alto_volumen,PD013,Cadena02,0.33,21,3828.55,-1.0735000000000001,no,2025-12-29,principal_soportada,3.0,11485.65,1.0735000000000001,0.35425500000000004,6.930000000000001,0.10890000000000001,441,8.250502581799209,9.348940770455126,12,4,1,-2.4492935982947064e-16,1.0,0.12053668025532305,0.992708874098054,soporte_medio,0,0.010000000000000009,True,True,False,0.5698123441139591,-0.63934295127859,6544.665150172494,18030.315150172493,0.2743132416961455,0.8653114465317726,-0.6716998233992912,-0.6069860791578887,3150.6658844873336,9938.664415857655,14636.315884487334,21424.314415857654,0.02,0.01,0.2543132416961455,-0.6816998233992912,False,False,False,True,0.542901144472244,-0.6378679629789902,0.026911199641715067,0.0014749882995997998,False,False
330,caso_b_alto_volumen,PD013,Cadena02,0.34,21,3828.55,-1.0735000000000001,no,2025-12-29,principal_soportada,3.0,11485.65,1.0735000000000001,0.3649900000000001,7.140000000000001,0.11560000000000002,441,8.250502581799209,9.348940770455126,12,4,1,-2.4492935982947064e-16,1.0,0.12053668025532305,0.992708874098054,soporte_medio,0,0.0,True,True,False,0.5890656790161073,-0.6769589729332576,6765.802216191352,18251.452216191352,0.2935665765982937,0.8845647814339208,-0.7093158450539588,-0.6446021008125563,3371.8029505061922,10159.801481876511,14857.452950506193,21645.451481876513,0.02,0.01,0.2735665765982937,-0.7193158450539588,False,False,False,True,0.5589358029290556,-0.6767764178960157,0.030129876087051644,0.0001825550372418494,False,False
335,caso_b_alto_volumen,PD013,Cadena02,0.35,21,3828.55,-1.0735000000000001,no,2025-12-29,principal_soportada,3.0,11485.65,1.0735000000000001,0.37572500000000003,7.35,0.12249999999999998,441,8.250502581799209,9.348940770455126,12,4,1,-2.4492935982947064e-16,1.0,0.12053668025532305,0.992708874098054,soporte_medio,0,0.006999999999999951,True,True,False,0.6084999574780203,-0.7169523321639567,6989.017536607424,18474.667536607423,0.31300085506020675,0.9039990598958338,-0.749309204284658,-0.6845954600432554,3595.0182709222636,10383.016802292585,15080.668270922264,21868.666802292584,0.02,0.01,0.29300085506020673,-0.759309204284658,False,False,False,True,0.5750367667342087,-0.715149231829617,0.033463190743811655,0.0018031003343397245,False,False
340,caso_b_alto_volumen,PD013,Cadena02,0.36,21,3828.55,-1.0735000000000001,no,2025-12-29,principal_soportada,3.0,11485.65,1.0735000000000001,0.38646,7.56,0.1296,441,8.250502581799209,9.348940770455126,12,4,1,-2.4492935982947064e-16,1.0,0.12053668025532305,0.992708874098054,soporte_medio,0,0.01699999999999996,True,True,False,0.6281151794996985,-0.7547772564711931,7214.311111420712,18699.96111142071,0.33261607708188495,0.9236142819175122,-0.7871341285918944,-0.7224203843504918,3820.3118457355517,10608.310377105874,15305.96184573555,22093.960377105872,0.02,0.01,0.31261607708188494,-0.7971341285918944,False,False,False,True,0.5912026588615267,-0.7542150239974642,0.03691252063817185,0.0005622324737288853,False,False
345,caso_b_alto_volumen,PD013,Cadena02,0.37,21,3828.55,-1.0735000000000001,no,2025-12-29,principal_soportada,3.0,11485.65,1.0735000000000001,0.397195,7.77,0.1369,441,8.250502581799209,9.348940770455126,12,4,1,-2.4492935982947064e-16,1.0,0.12053668025532305,0.992708874098054,soporte_medio,0,0.007000000000000006,True,True,False,0.6479113450811416,-0.7793058660833935,7441.682940631214,18927.33294063121,0.352412242663328,0.9434104474989551,-0.8116627382040947,-0.7469489939626922,4047.683674946053,10835.682206316373,15533.333674946054,22321.332206316372,0.02,0.01,0.332412242663328,-0.8216627382040947,False,False,False,True,0.6074320756357989,-0.778901913219962,0.040479269445342636,0.00040395286343142267,False,False
360,caso_b_alto_volumen,PD013,Cadena02,0.4,21,3828.55,-1.0735000000000001,no,2025-12-29,principal_soportada,3.0,11485.65,1.0735000000000001,0.42940000000000006,8.4,0.16000000000000003,441,8.250502581799209,9.348940770455126,12,4,1,-2.4492935982947064e-16,1.0,0.12053668025532305,0.992708874098054,soporte_medio,0,0.0040000000000000036,True,False,True,0.7083855031840604,-0.8200814702843519,8136.267954646002,19621.917954646004,0.4128864007662468,1.003884605601874,-0.8524383424050531,-0.7877245981636506,4742.268688960842,11530.267220331163,16227.91868896084,23015.91722033116,0.02,0.01,0.39288640076624676,-0.8624383424050531,False,False,True,True,0.6564870392237323,-0.8290116404641413,0.051898463960328045,0.008930170179789476,False,False
379,caso_c_sku_reciente,PD015,Cadena03,0.08,14,4367.549999999999,-0.718,no,2025-12-29,principal_soportada,2.0,8735.099999999999,0.718,0.05744,1.12,0.0064,196,8.382186425248934,9.075219144805619,12,4,1,-2.4492935982947064e-16,1.0,0.12053668025532305,0.992708874098054,soporte_bajo,0,0.03899999999999999,True,False,True,0.0689569468514672,4.080830015027013,602.345826442251,9337.44582644225,-0.22654215556634638,0.36445604926928077,4.048473142906312,4.113186887147714,-1978.8683830875918,3183.560035972094,6756.231616912407,11918.660035972092,0.06,0.03,-0.2865421555663464,4.018473142906312,False,False,False,False,0.06439103766939386,3.6558251531055386,0.0045659091820733355,0.4250048619214746,True,False
375,caso_c_sku_reciente,PD015,Cadena03,0.07,21,4367.549999999999,-0.718,no,2025-12-29,principal_soportada,3.0,13102.649999999998,0.718,0.050260000000000006,1.4700000000000002,0.004900000000000001,441,8.382186425248934,9.48064609633444,12,4,1,-2.4492935982947064e-16,1.0,0.12053668025532305,0.992708874098054,soporte_bajo,0,0.04899999999999999,True,False,True,0.053474738360205554,4.080484196234059,700.6607805753472,13803.310780575344,-0.24202436405760802,0.34897384077801913,4.0481273241133575,4.11284106835476,-3171.1605337194173,4572.482094870112,9931.48946628058,17675.13209487011,0.06,0.03,-0.302024364057608,4.018127324113357,False,False,False,True,0.05425892769343126,4.278270667715212,0.0007841893332257086,0.19778647148115347,True,False
380,caso_c_sku_reciente,PD015,Cadena03,0.08,21,4367.549999999999,-0.718,no,2025-12-29,principal_soportada,3.0,13102.649999999998,0.718,0.05744,1.68,0.0064,441,8.382186425248934,9.48064609633444,12,4,1,-2.4492935982947064e-16,1.0,0.12053668025532305,0.992708874098054,soporte_bajo,0,0.03899999999999999,True,False,True,0.06637431474992667,4.080387942926945,869.6794151581265,13972.329415158125,-0.2291247876678869,0.36187341716774024,4.048031070806244,4.112744815047646,-3002.141899136638,4741.5007294528905,10100.50810086336,17844.15072945289,0.06,0.03,-0.2891247876678869,4.018031070806244,False,False,False,True,0.06554094577070907,3.656249939941192,0.0008333689792175969,0.42413800298575355,True,False
385,caso_c_sku_reciente,PD015,Cadena03,0.09,21,4367.549999999999,-0.718,no,2025-12-29,principal_soportada,3.0,13102.649999999998,0.718,0.06462,1.89,0.0081,441,8.382186425248934,9.48064609633444,12,4,1,-2.4492935982947064e-16,1.0,0.12053668025532305,0.992708874098054,soporte_bajo,0,0.028999999999999998,True,False,True,0.07945483469941284,2.9708825707885804,1041.0688898742615,14143.718889874259,-0.21604426771840074,0.3749539371172264,2.938525698667879,3.003239442909282,-2830.752424420503,4912.890204169026,10271.897575579496,18015.54020416902,0.06,0.03,-0.27604426771840074,2.908525698667879,False,False,False,True,0.07687509615727688,2.959133837543944,0.002579738542135959,0.011748733244636433,False,False
390,caso_c_sku_reciente,PD015,Cadena03,0.1,21,4367.549999999999,-0.718,no,2025-12-29,principal_soportada,3.0,13102.649999999998,0.718,0.0718,2.1,0.010000000000000002,441,8.382186425248934,9.48064609633444,12,4,1,-2.4492935982947064e-16,1.0,0.12053668025532305,0.992708874098054,soporte_bajo,1,0.01899999999999999,True,False,True,0.09271629820866395,2.511724073507833,1214.8292047237505,14317.47920472375,-0.20278280420914963,0.3882154006264775,2.4793672013871317,2.5440809456285347,-2656.9921095710138,5086.650519018515,10445.657890428984,18189.300519018514,0.06,0.03,-0.2627828042091496,2.449367201387132,False,False,False,True,0.08826048174496962,2.524723143191336,0.004455816463694334,0.012999069683502729,False,False
395,caso_c_sku_reciente,PD015,Cadena03,0.11,21,4367.549999999999,-0.718,no,2025-12-29,principal_soportada,3.0,13102.649999999998,0.718,0.07898,2.31,0.0121,441,8.382186425248934,9.48064609633444,12,4,1,-2.4492935982947064e-16,1.0,0.12053668025532305,0.992708874098054,soporte_bajo,1,0.008999999999999994,True,False,True,0.1061587052776799,2.098050778821246,1390.9603597065923,14493.610359706592,-0.18934039714013368,0.4016578076954935,2.0656939067005444,2.1304076509419474,-2480.8609545881723,5262.781674001357,10621.789045411824,18365.431674001356,0.06,0.03,-0.24934039714013367,2.0356939067005446,False,False,False,True,0.09969618606937841,2.0961435642101187,0.006462519208301487,0.0019072146111271948,False,False
400,caso_c_sku_reciente,PD015,Cadena03,0.12,21,4367.549999999999,-0.718,no,2025-12-29,principal_soportada,3.0,13102.649999999998,0.718,0.08615999999999999,2.52,0.0144,441,8.382186425248934,9.48064609633444,12,4,1,-2.4492935982947064e-16,1.0,0.12053668025532305,0.992708874098054,soporte_bajo,1,0.0010000000000000009,True,True,False,0.11978205590646085,1.765906073134446,1569.462354822789,14672.112354822786,-0.17571704651135273,0.4152811583242744,1.7335492010137448,1.7982629452551473,-2302.3589594719756,5441.2836691175535,10800.291040528024,18543.933669117552,0.06,0.03,-0.23571704651135272,1.7035492010137447,False,False,False,True,0.11118127333995012,1.7496807304839666,0.008600782566510728,0.01622534265047948,False,True
405,caso_c_sku_reciente,PD015,Cadena03,0.13,21,4367.549999999999,-0.718,no,2025-12-29,principal_soportada,3.0,13102.649999999998,0.718,0.09334,2.73,0.016900000000000002,441,8.382186425248934,9.48064609633444,12,4,1,-2.4492935982947064e-16,1.0,0.12053668025532305,0.992708874098054,soporte_bajo,1,0.0030000000000000027,True,True,False,0.13358635009500675,1.461663770262354,1750.3351900723399,14852.985190072337,-0.16191275232280683,0.4290854525128203,1.4293068981416528,1.4940206423830553,-2121.4861242224247,5622.156504367104,10981.163875777575,18724.8065043671,0.06,0.03,-0.22191275232280683,1.3993068981416528,False,False,False,True,0.12271478847659201,1.4587243203009606,0.010871561618414738,0.0029394499613935032,False,True
410,caso_c_sku_reciente,PD015,Cadena03,0.14,21,4367.549999999999,-0.718,no,2025-12-29,principal_soportada,3.0,13102.649999999998,0.718,0.10052000000000001,2.9400000000000004,0.019600000000000003,441,8.382186425248934,9.48064609633444,12,4,1,-2.4492935982947064e-16,1.0,0.12053668025532305,0.992708874098054,soporte_bajo,1,0.006000000000000005,True,True,False,0.1475715878433176,1.2136533521317208,1933.5788654552448,15036.228865455245,-0.147927514574496,0.44307069026113116,1.1812964800110195,1.246010224252422,-1938.2424488395195,5805.40017975001,11164.407551160477,18908.050179750007,0.06,0.03,-0.207927514574496,1.1512964800110195,False,False,False,True,0.1342957571528362,1.2238978436161554,0.013275830690481383,0.010244491484434626,False,True
415,caso_c_sku_reciente,PD015,Cadena03,0.15,21,4367.549999999999,-0.718,no,2025-12-29,principal_soportada,3.0,13102.649999999998,0.718,0.10769999999999999,3.15,0.0225,441,8.382186425248934,9.48064609633444,12,4,1,-2.4492935982947064e-16,1.0,0.12053668025532305,0.992708874098054,soporte_bajo,0,0.0040000000000000036,True,True,False,0.16173776915139337,1.0000667213059924,2119.193380971504,15221.8433809715,-0.1337613332664202,0.45723687156920695,0.9677098491852911,1.0324235934266937,-1752.6279333232603,5991.014695266268,11350.022066676736,19093.664695266267,0.06,0.03,-0.1937613332664202,0.9377098491852911,False,False,False,True,0.14592318584561423,0.9940055364043854,0.015814583305779145,0.0060611849016070085,False,False
420,caso_c_sku_reciente,PD015,Cadena03,0.16,21,4367.549999999999,-0.718,no,2025-12-29,principal_soportada,3.0,13102.649999999998,0.718,0.11488,3.36,0.0256,441,8.382186425248934,9.48064609633444,12,4,1,-2.4492935982947064e-16,1.0,0.12053668025532305,0.992708874098054,soporte_bajo,0,0.006000000000000005,True,True,False,0.1760848940192341,0.8100994035674713,2307.1787366211174,15409.828736621115,-0.11941420839857947,0.4715839964370477,0.7777425314467701,0.8424562756881726,-1564.642577673647,6179.000050915882,11538.007422326351,19281.65005091588,0.06,0.03,-0.17941420839857947,0.74774253144677,False,False,False,True,0.1575960618916925,0.8181340581370351,0.0184888321275416,0.00803465456956376,False,False
425,caso_c_sku_reciente,PD015,Cadena03,0.17,21,4367.549999999999,-0.718,no,2025-12-29,principal_soportada,3.0,13102.649999999998,0.718,0.12206,3.5700000000000003,0.028900000000000006,441,8.382186425248934,9.48064609633444,12,4,1,-2.4492935982947064e-16,1.0,0.12053668025532305,0.992708874098054,soporte_bajo,0,0.0030000000000000027,True,True,False,0.19061296244683973,0.642857450316833,2497.534932404084,15600.184932404083,-0.10488613997097385,0.4861120648646533,0.6105005781961317,0.6752143224375342,-1374.2863818906803,6369.356246698849,11728.363618109317,19472.006246698846,0.06,0.03,-0.16488613997097384,0.5805005781961317,False,False,False,True,0.16931335355081573,0.6597570658103711,0.021299608896024003,0.016899615493538134,False,False
430,caso_c_sku_reciente,PD015,Cadena03,0.18,21,4367.549999999999,-0.718,no,2025-12-29,principal_soportada,3.0,13102.649999999998,0.718,0.12924,3.78,0.0324,441,8.382186425248934,9.48064609633444,12,4,1,-2.4492935982947064e-16,1.0,0.12053668025532305,0.992708874098054,soporte_bajo,0,0.01200000000000001,True,True,False,0.20532197443421032,0.4979095518015339,2690.2619683204057,15792.911968320403,-0.09017712798360325,0.5008210768520239,0.46555267968083264,0.5302664239222352,-1181.5593459743588,6562.08328261517,11921.09065402564,19664.73328261517,0.06,0.03,-0.15017712798360325,0.43555267968083267,False,False,False,True,0.18107401007560137,0.5133611588814591,0.02424796435860896,0.015451607079925156,False,False
435,caso_c_sku_reciente,PD015,Cadena03,0.19,21,4367.549999999999,-0.718,no,2025-12-29,principal_soportada,3.0,13102.649999999998,0.718,0.13641999999999999,3.99,0.0361,441,8.382186425248934,9.48064609633444,12,4,1,-2.4492935982947064e-16,1.0,0.12053668025532305,0.992708874098054,soporte_bajo,0,0.0020000000000000018,True,True,False,0.2202119299813459,0.37694799144909985,2885.359844370081,15988.009844370079,-0.07528717243646768,0.5157110323991595,0.3445911193283986,0.4093048635698011,-986.4614699246831,6757.181158664846,12116.188530075315,19859.83115866484,0.06,0.03,-0.13528717243646768,0.31459111932839856,False,False,False,True,0.19287696178822905,0.3649787571308951,0.027334968193116843,0.011969234318204736,False,False
440,caso_c_sku_reciente,PD015,Cadena03,0.2,21,4367.549999999999,-0.718,no,2025-12-29,principal_soportada,3.0,13102.649999999998,0.718,0.1436,4.2,0.04000000000000001,441,8.382186425248934,9.48064609633444,12,4,1,-2.4492935982947064e-16,1.0,0.12053668025532305,0.992708874098054,soporte_bajo,0,0.0010000000000000009,True,True,False,0.23528282908824638,0.2627222272004731,3082.828560553111,16185.478560553107,-0.060216273329567194,0.53078193150606,0.23036535507977185,0.2950790993211744,-788.9927537416535,6954.649874847876,12313.657246258344,20057.299874847875,0.06,0.03,-0.12021627332956719,0.20036535507977185,False,False,False,True,0.2047211201639625,0.2594275147987023,0.030561708924283892,0.0032947124017708163,False,False
445,caso_c_sku_reciente,PD015,Cadena03,0.21,21,4367.549999999999,-0.718,no,2025-12-29,principal_soportada,3.0,13102.649999999998,0.718,0.15078,4.41,0.04409999999999999,441,8.382186425248934,9.48064609633444,12,4,1,-2.4492935982947064e-16,1.0,0.12053668025532305,0.992708874098054,soporte_bajo,0,0.0040000000000000036,True,True,False,0.2505346717549118,0.14601773245948282,3282.6681168694945,16385.31811686949,-0.04496443066290179,0.5460337741727254,0.11366086033878156,0.1783746045801841,-589.15319742527,7154.489431164258,12513.496802574728,20257.139431164258,0.06,0.03,-0.10496443066290179,0.08366086033878156,False,False,False,True,0.21660537792154205,0.14428194946329642,0.033929293833369734,0.0017357829961864024,False,False
450,caso_c_sku_reciente,PD015,Cadena03,0.22,21,4367.549999999999,-0.718,no,2025-12-29,principal_soportada,3.0,13102.649999999998,0.718,0.15796,4.62,0.0484,441,8.382186425248934,9.48064609633444,12,4,1,-2.4492935982947064e-16,1.0,0.12053668025532305,0.992708874098054,soporte_bajo,0,0.006000000000000005,True,True,False,0.2659674579813422,0.03915716077083302,3484.8785133192328,16587.52851331923,-0.029531644436471383,0.5614665603991558,0.006800288650131749,0.0715140328915343,-386.9428009755317,7356.6998276139975,12715.707199024466,20459.349827613994,0.06,0.03,-0.08953164443647138,-0.02319971134986825,False,False,False,True,0.22852860912048029,0.03661022108242124,0.037438848860861906,0.002546939688411777,False,False
455,caso_c_sku_reciente,PD015,Cadena03,0.23,21,4367.549999999999,-0.718,no,2025-12-29,principal_soportada,3.0,13102.649999999998,0.718,0.16514,4.83,0.0529,441,8.382186425248934,9.48064609633444,12,4,1,-2.4492935982947064e-16,1.0,0.12053668025532305,0.992708874098054,soporte_bajo,0,0.016000000000000014,True,True,False,0.2815811877675376,-0.03716725357080096,3689.4597499023257,16792.109749902324,-0.013917914650275975,0.5770802901853511,-0.06952412569150224,-0.004810381450099689,-182.36156439243848,7561.28106419709,12920.28843560756,20663.931064197088,0.06,0.03,-0.07391791465027597,-0.09952412569150224,False,False,False,True,0.24048966926529333,-0.04318670821336926,0.04109151850224427,0.006019454642568298,False,False
460,caso_c_sku_reciente,PD015,Cadena03,0.24,21,4367.549999999999,-0.718,no,2025-12-29,principal_soportada,3.0,13102.649999999998,0.718,0.17231999999999997,5.04,0.0576,441,8.382186425248934,9.48064609633444,12,4,1,-2.4492935982947064e-16,1.0,0.12053668025532305,0.992708874098054,soporte_bajo,0,0.025999999999999995,True,True,True,0.2973758611134978,-0.13060573038371565,3896.411826618771,16999.06182661877,0.0018767586956842108,0.5928749635313113,-0.1629626025044169,-0.09824885826301438,24.59051232400672,7768.233140913535,13127.240512324006,20870.88314091353,0.06,0.03,-0.05812324130431579,-0.1929626025044169,False,False,False,True,0.2524873954166951,-0.12177486466117514,0.04488846569680266,0.008830865722540507,False,False
465,caso_c_sku_reciente,PD015,Cadena03,0.25,21,4367.549999999999,-0.718,no,2025-12-29,principal_soportada,3.0,13102.649999999998,0.718,0.1795,5.25,0.0625,441,8.382186425248934,9.48064609633444,12,4,1,-2.4492935982947064e-16,1.0,0.12053668025532305,0.992708874098054,soporte_bajo,0,0.025000000000000022,True,True,True,0.31335147801922303,-0.1886511562077603,4105.734743468572,17208.38474346857,0.017852375601409454,0.6088505804370365,-0.22100802832846156,-0.15629428408705903,233.91342917380754,7977.556057763336,13336.563429173806,21080.206057763335,0.06,0.03,-0.042147624398590544,-0.2510080283284616,False,False,False,True,0.2645206063097809,-0.19690972050859812,0.048830871709442114,0.008258564300837823,False,False
470,caso_c_sku_reciente,PD015,Cadena03,0.26,21,4367.549999999999,-0.718,no,2025-12-29,principal_soportada,3.0,13102.649999999998,0.718,0.18668,5.46,0.06760000000000001,441,8.382186425248934,9.48064609633444,12,4,1,-2.4492935982947064e-16,1.0,0.12053668025532305,0.992708874098054,soporte_bajo,0,0.015000000000000013,True,True,False,0.3295080384847132,-0.2705032206521856,4317.428500451727,17420.078500451727,0.03400893606689964,0.6250071409025268,-0.3028600927728869,-0.23814634853148436,445.60718615696254,8189.249814746492,13548.25718615696,21291.899814746488,0.06,0.03,-0.025991063933100356,-0.33286009277288686,False,False,False,True,0.276588102479222,-0.27331191477253464,0.05291993600549122,0.002808694120349009,False,False
475,caso_c_sku_reciente,PD015,Cadena03,0.27,21,4367.549999999999,-0.718,no,2025-12-29,principal_soportada,3.0,13102.649999999998,0.718,0.19386,5.67,0.0729,441,8.382186425248934,9.48064609633444,12,4,1,-2.4492935982947064e-16,1.0,0.12053668025532305,0.992708874098054,soporte_bajo,0,0.0050000000000000044,True,True,False,0.3458455425099683,-0.3325318380203826,4531.4930975682355,17634.143097568234,0.05034644009215472,0.6413446449277819,-0.36488871014108387,-0.30017496589968135,659.671783273471,8403.314411862999,13762.321783273468,21505.964411863,0.06,0.03,-0.009653559907845277,-0.39488871014108384,False,False,False,True,0.2886886663914923,-0.3296203819061925,0.057156876118475974,0.0029114561141900808,False,False
480,caso_c_sku_reciente,PD015,Cadena03,0.28,21,4367.549999999999,-0.718,no,2025-12-29,principal_soportada,3.0,13102.649999999998,0.718,0.20104000000000002,5.880000000000001,0.07840000000000001,441,8.382186425248934,9.48064609633444,12,4,1,-2.4492935982947064e-16,1.0,0.12053668025532305,0.992708874098054,soporte_bajo,0,0.0050000000000000044,True,True,False,0.3623639900949884,-0.3924307200377176,4747.928534818098,17850.578534818098,0.0668648876771748,0.657863092512802,-0.4247875921584189,-0.36007384791701635,876.1072205233343,8619.749849112863,13978.75722052333,21722.399849112862,0.06,0.03,0.006864887677174802,-0.4547875921584189,False,False,False,True,0.3008210625841424,-0.3976598503472207,0.061542927510846,0.005229130309503061,False,False
485,caso_c_sku_reciente,PD015,Cadena03,0.29,21,4367.549999999999,-0.718,no,2025-12-29,principal_soportada,3.0,13102.649999999998,0.718,0.20822,6.09,0.0841,441,8.382186425248934,9.48064609633444,12,4,1,-2.4492935982947064e-16,1.0,0.12053668025532305,0.992708874098054,soporte_bajo,0,0.013000000000000012,True,True,False,0.3790633812397733,-0.4488006787854201,4966.7348122013145,18069.38481220131,0.08356427882195971,0.6745624836575869,-0.4811575509061214,-0.41644380666471886,1094.9134979065502,8838.55612649608,14197.563497906549,21941.206126496076,0.06,0.03,0.023564278821959717,-0.5111575509061214,False,False,False,True,0.312984037812136,-0.45018734630078355,0.06607934342763727,0.0013866675153634267,False,False
490,caso_c_sku_reciente,PD015,Cadena03,0.3,21,4367.549999999999,-0.718,no,2025-12-29,principal_soportada,3.0,13102.649999999998,0.718,0.21539999999999998,6.3,0.09,441,8.382186425248934,9.48064609633444,12,4,1,-2.4492935982947064e-16,1.0,0.12053668025532305,0.992708874098054,soporte_bajo,0,0.0030000000000000027,True,True,False,0.3959437159443232,-0.49452385220609996,5187.911929717886,18290.561929717886,0.10044461352650963,0.6914428183621368,-0.5268807243268012,-0.4621669800853987,1316.090615423121,9059.73324401265,14418.740615423118,22162.38324401265,0.06,0.03,0.04044461352650963,-0.5568807243268012,False,False,False,True,0.3251763212012594,-0.4963441624947859,0.07076739474306382,0.0018203102886859557,False,False
495,caso_c_sku_reciente,PD015,Cadena03,0.31,21,4367.549999999999,-0.718,no,2025-12-29,principal_soportada,3.0,13102.649999999998,0.718,0.22258,6.51,0.0961,441,8.382186425248934,9.48064609633444,12,4,1,-2.4492935982947064e-16,1.0,0.12053668025532305,0.992708874098054,soporte_bajo,0,0.0020000000000000018,True,True,False,0.4130049942086381,-0.5441653330867984,5411.4598873678115,18514.10988736781,0.11750589179082455,0.7085040966264518,-0.5765222052074996,-0.5118084609660971,1539.638573073047,9283.281201662576,14642.288573073045,22385.931201662574,0.06,0.03,0.05750589179082455,-0.6065222052074997,False,False,False,True,0.33739662440860907,-0.5473704102755578,0.07560836980002905,0.0032050771887593976,False,False
500,caso_c_sku_reciente,PD015,Cadena03,0.32,21,4367.549999999999,-0.718,no,2025-12-29,principal_soportada,3.0,13102.649999999998,0.718,0.22976,6.72,0.1024,441,8.382186425248934,9.48064609633444,12,4,1,-2.4492935982947064e-16,1.0,0.12053668025532305,0.992708874098054,soporte_bajo,0,0.008000000000000007,True,True,False,0.430247216032718,-0.5939244674972498,5637.378685151091,18740.02868515109,0.1347481136149044,0.7257463184505315,-0.6262813396179511,-0.5615675953765485,1765.557370856327,9509.199999445855,14868.207370856326,22611.849999445854,0.06,0.03,0.07474811361490441,-0.6562813396179511,False,False,False,True,0.3496436417901675,-0.5937906353775809,0.08060357424255049,0.0001338321196688863,False,False
505,caso_c_sku_reciente,PD015,Cadena03,0.33,21,4367.549999999999,-0.718,no,2025-12-29,principal_soportada,3.0,13102.649999999998,0.718,0.23694,6.930000000000001,0.10890000000000001,441,8.382186425248934,9.48064609633444,12,4,1,-2.4492935982947064e-16,1.0,0.12053668025532305,0.992708874098054,soporte_bajo,0,0.018000000000000016,True,True,False,0.44767038141656273,-0.6392917432462586,5865.6683230677245,18968.318323067724,0.15217127899874916,0.7431694838343763,-0.6716486153669599,-0.6069348711255573,1993.8470087729604,9737.489637362489,15096.497008772956,22840.13963736249,0.06,0.03,0.09217127899874916,-0.7016486153669599,False,False,False,True,0.3619160505754625,-0.6376642615546574,0.08575433084110023,0.001627481691601207,False,False
510,caso_c_sku_reciente,PD015,Cadena03,0.34,21,4367.549999999999,-0.718,no,2025-12-29,principal_soportada,3.0,13102.649999999998,0.718,0.24412,7.140000000000001,0.11560000000000002,441,8.382186425248934,9.48064609633444,12,4,1,-2.4492935982947064e-16,1.0,0.12053668025532305,0.992708874098054,soporte_bajo,0,0.009999999999999953,True,True,False,0.4652744903601725,-0.6769027600060898,6096.328801117713,19198.97880111771,0.1697753879423589,0.7607735927779861,-0.7092596321267911,-0.6445458878853886,2224.5074868229485,9968.150115412478,15327.157486822947,23070.800115412476,0.06,0.03,0.10977538794235892,-0.7392596321267911,False,False,False,True,0.3742125110493125,-0.6765727164716829,0.09106197931085996,0.0003300435344069097,False,False
515,caso_c_sku_reciente,PD015,Cadena03,0.35,21,4367.549999999999,-0.718,no,2025-12-29,principal_soportada,3.0,13102.649999999998,0.718,0.25129999999999997,7.35,0.12249999999999998,441,8.382186425248934,9.48064609633444,12,4,1,-2.4492935982947064e-16,1.0,0.12053668025532305,0.992708874098054,soporte_bajo,0,0.0,True,True,False,0.483059542863547,-0.716896119236789,6329.360119301054,19432.01011930105,0.18756044044573345,0.7785586452813607,-0.7492529913574902,-0.6845392471160877,2457.538805006289,10201.181433595819,15560.188805006286,23303.831433595817,0.06,0.03,0.12756044044573345,-0.7792529913574903,False,False,False,True,0.3865316667406514,-0.7147009614923435,0.0965278761228956,0.002195157744445453,False,False
520,caso_c_sku_reciente,PD015,Cadena03,0.36,21,4367.549999999999,-0.718,no,2025-12-29,principal_soportada,3.0,13102.649999999998,0.718,0.25848,7.56,0.1296,441,8.382186425248934,9.48064609633444,12,4,1,-2.4492935982947064e-16,1.0,0.12053668025532305,0.992708874098054,soporte_bajo,0,0.010000000000000009,True,True,False,0.5010255389266867,-0.7547210435440254,6564.7622776177495,19667.412277617746,0.2055264365088731,0.7965246413445002,-0.7870779156647266,-0.7223641714233241,2692.9409633229857,10436.583591912513,15795.590963322984,23539.23359191251,0.06,0.03,0.1455264365088731,-0.8170779156647267,False,False,False,True,0.3988721446184246,-0.7537409615826528,0.10215339430826209,0.0009800819613725587,False,False
525,caso_c_sku_reciente,PD015,Cadena03,0.37,21,4367.549999999999,-0.718,no,2025-12-29,principal_soportada,3.0,13102.649999999998,0.718,0.26566,7.77,0.1369,441,8.382186425248934,9.48064609633444,12,4,1,-2.4492935982947064e-16,1.0,0.12053668025532305,0.992708874098054,soporte_bajo,0,0.0040000000000000036,True,True,False,0.5191724785495913,-0.7792740382568867,6802.535276067801,19905.185276067798,0.22367337613177768,0.8146715809674048,-0.8116309103775879,-0.7469171661361854,2930.7139617730363,10674.356590362564,16033.363961773035,23777.006590362562,0.06,0.03,0.16367337613177768,-0.841630910377588,False,False,False,True,0.41123255529454555,-0.7787294405713808,0.1079399232550457,0.0005445976855058543,False,False
540,caso_c_sku_reciente,PD015,Cadena03,0.4,21,4367.549999999999,-0.718,no,2025-12-29,principal_soportada,3.0,13102.649999999998,0.718,0.2872,8.4,0.16000000000000003,441,8.382186425248934,9.48064609633444,12,4,1,-2.4492935982947064e-16,1.0,0.12053668025532305,0.992708874098054,soporte_bajo,0,0.026000000000000023,True,False,True,0.5746989587768946,-0.8200646328272821,7530.079312218077,20632.729312218074,0.279199856359081,0.8701980611947082,-0.8524215049479834,-0.7877077607065809,3658.2579979233124,11401.900626512841,16760.90799792331,24504.55062651284,0.06,0.03,0.219199856359081,-0.8824215049479834,False,False,True,True,0.4484192493358711,-0.8287178951572226,0.1262797094410235,0.008653262329940459,False,False
